Canon EOS 20D,Canon/EOS 20D/IMG_3893.CR2,Canon EOS 20D,800,3.123,3.155,4.146
Canon EOS 30D,Canon/EOS 30D/IMG_0062.CR2,Canon EOS 30D,100,4.609,7.788,5.003
Canon EOS 350D,Canon/EOS 350D/IMG_1707.CR2,Canon EOS 350D DIGITAL,100,4.250,4.241,4.230
Canon EOS 400D,Canon/EOS 400D/IMG_3397.CR2,Canon EOS 400D DIGITAL,100,3.489,3.432,3.397
Canon EOS 40D,Canon/EOS 40D/_MG_0153.CR2,Canon EOS 40D,100,1.135,2.171,1.255
Canon EOS 5D,Canon/EOS 5D/IMG_1428.CR2,Canon EOS 5D,400,2.082,3.229,2.414
Canon EOS D60,Canon/EOS D60/CRW_0099.CRW,Canon EOS D60,100,1.515,11.374,2.882
Canon EOS-1D Mark II,Canon/EOS-1D Mark II/RAW_CANON_1DM2.CR2,Canon EOS-1D Mark II,100,4.014,8.412,6.165
Canon EOS-1D Mark III,Canon/EOS-1D Mark III/_K5R7350.CR2,Canon EOS-1D Mark III,1000,2.582,3.206,1.964
Canon EOS-1Ds Mark II,Canon/EOS-1Ds Mark II/RAW_CANON_1DSM2.CR2,Canon EOS-1Ds Mark II,640,2.233,3.753,2.678
Canon IXY 220F,Canon/IXY 220F/canon_ixy_220f.DNG,Canon IXY 220F,96,3.364,5.187,2.994
Canon PowerShot G9,Canon/PowerShot G9/IMG_1188.CR2,Canon PowerShot G9,80,1.932,3.061,2.241
Fujifilm FinePix HS50EXR,Fujifilm/FinePix HS50EXR/DSCF0016.RAF,FinePix HS50EXR,100,2.882,3.670,2.797
Fujifilm FinePix X10,Fujifilm/FinePix X10/DSCF0514.RAF,X10,200,1.051,1.543,1.180
Fujifilm FinePix X100,Fujifilm/FinePix X100/DSCF1676.RAF,FinePix X100,400,2.206,2.282,1.133
Fujifilm GFX 50R,Fujifilm/GFX 50R/2019-01-24-14-02-50_DSCF1316_e819634e46ecdb8ea241012ee70ae11e5c220c48.raf,GFX 50R,100,2.949,4.134,2.675
Fujifilm X-A5,Fujifilm/X-A5/DSCF0617.RAF,X-A5,200,3.201,4.725,1.740
Fujifilm X-T100,Fujifilm/X-T100/DSCF0627.RAF,X-T100,200,2.453,3.426,3.044
Fujifilm XF10,Fujifilm/XF10/DSCF6466.RAF,XF10,200,1.946,2.695,1.982
Minolta Dynax 5D,MINOLTA/DYNAX 5D/Minolta_Dynax_5D.MRW,DYNAX 5D,100,3.108,3.374,0.925
Nikon 1 AW1,Nikon/1 AW1/_DSC0521.NEF,NIKON 1 AW1,160,2.514,3.398,2.818
Nikon 1 J1,Nikon/1 J1/_DSC0355.NEF,NIKON 1 J1,200,5.091,6.932,3.671
Nikon 1 J2,Nikon/1 J2/DSC_0451.NEF,NIKON 1 J2,100,3.004,3.370,2.170
Nikon 1 J3,Nikon/1 J3/DSC_0091.NEF,NIKON 1 J3,160,2.304,3.437,3.002
Nikon 1 J5,Nikon/1 J5/20151027-10311989-NIKON_1_J5.nef,NIKON 1 J5,6400,2.351,3.238,2.871
Nikon 1 S1,Nikon/1 S1/DSC_0076.NEF,NIKON 1 S1,200,3.246,3.435,2.327
Nikon 1 V1,Nikon/1 V1/DSC_4157.NEF,NIKON 1 V1,800,2.579,2.748,1.769
Nikon 1 V2,Nikon/1 V2/Nikon_1_V2_ISO-200.NEF,NIKON 1 V2,200,1.649,2.253,1.799
Nikon 1 V3,Nikon/1 V3/DSC_3313.NEF,NIKON 1 V3,160,2.399,2.755,2.608
Nikon COOLPIX B700,Nikon/COOLPIX B700/DSCN2079.NRW,COOLPIX B700,100,2.157,3.289,2.721
Nikon COOLPIX P1000,Nikon/COOLPIX P1000/DSCN1113.NRW,COOLPIX P1000,100,2.610,3.103,1.896
Nikon COOLPIX P950,Nikon/COOLPIX P950/DSCN0014.NRW,COOLPIX P950,100,2.842,4.075,2.766
Nikon Coolpix A,Nikon/Coolpix A/_DSC0010.NEF,COOLPIX A,100,6.000,8.433,4.526
Nikon Coolpix P7100,Nikon/Coolpix P7100/RAW_NIKON_COOLPIX_P7100.NRW,COOLPIX P7100,100,2.461,3.354,1.960
Nikon Coolpix P7700,Nikon/Coolpix P7700/2021-01-09-112815.NRW,COOLPIX P7700,80,2.809,4.067,2.433
Nikon D200,NIKON CORPORATION/NIKON D200/20071013-10273016-NIKON_D200.nef,NIKON D200,100,2.416,3.784,3.692
Nikon D2X,NIKON CORPORATION/NIKON D2X/_ABA4604.NEF,NIKON D2X,200,4.314,4.572,2.242
Nikon D3,Nikon/D3/JD1_8203.NEF,NIKON D3,200,2.488,3.622,3.178
Nikon D300,Nikon/D300/MMC_2821.NEF,NIKON D300,200,3.780,3.649,3.649
Nikon D3000,Nikon/D3000/DSC_0009.NEF,NIKON D3000,100,2.364,5.170,3.611
Nikon D300S,Nikon/D300S/_DSC4612.NEF,NIKON D300S,100,2.283,2.717,2.619
Nikon D3100,Nikon/D3100/DSC_0359.NEF,NIKON D3100,220,2.489,3.472,2.278
Nikon D3200,Nikon/D3200/DSC_0059.NEF,NIKON D3200,800,2.855,3.178,2.290
Nikon D3300,Nikon/D3300/DSC_0028.NEF,NIKON D3300,400,2.274,3.137,2.640
Nikon D3400,Nikon/D3400/DSC_0202.NEF,NIKON D3400,400,2.603,3.462,2.065
Nikon D3500,Nikon/D3500/DSC_0043.NEF,NIKON D3500,100,3.327,5.947,4.227
Nikon D4,Nikon/D4/_DSC2250[1].NEF,NIKON D4,400,2.136,3.144,2.410
Nikon D40,Nikon/D40/DSC_1842.NEF,NIKON D40,200,2.170,4.594,3.188
Nikon D4S,Nikon/D4S/FU9_3803.NEF,NIKON D4S,320,2.731,4.162,3.168
Nikon D5,Nikon/D5/20170603_CCSG_on_Nikon_D5-DSC3096.NEF,NIKON D5,100,2.504,3.819,3.308
Nikon D50,Nikon/D50/DSC_5155.NEF,NIKON D50,200,2.041,3.698,2.751
Nikon D500,Nikon/D500/Nikon_D500_RAWL_12bit_Compressed.NEF,NIKON D500,100,nan,nan,nan
Nikon D500,Nikon/D500/Nikon_D500_RAWL_12bit_LosslessCompressed.NEF,NIKON D500,100,nan,nan,nan
Nikon D500,Nikon/D500/Nikon_D500_RAWL_12bit_Uncompressed.NEF,NIKON D500,100,nan,nan,nan
Nikon D5000,Nikon/D5000/2017-03-30T14-24-27+0800_DSC_3614.NEF,NIKON D5000,200,13.582,17.976,15.938
Nikon D5100,Nikon/D5100/00.nikon.12b-lossy-raw.nef,NIKON D5100,500,2.205,3.312,2.813
Nikon D5200,Nikon/D5200/NIKON_D5200_14_bit_compressed.NEF,NIKON D5200,200,2.205,3.609,2.629
Nikon D5300,NIKON CORPORATION/NIKON D5300/DSC_0089-14bit-uncompressed.NEF,NIKON D5300,320,3.485,4.866,2.750
Nikon D5500,Nikon/D5500/DSC_0258.NEF,NIKON D5500,6400,2.755,3.059,2.143
Nikon D5600,Nikon/D5600/2018-01-20_01-14_0792.NEF,NIKON D5600,12800,2.487,3.148,2.732
Nikon D60,Nikon/D60/DSC_8294.NEF,NIKON D60,100,4.819,3.591,8.168
Nikon D600,Nikon/D600/DSC_3294.NEF,NIKON D600,400,2.671,4.246,3.872
Nikon D610,Nikon/D610/ESP_0352.NEF,NIKON D610,400,3.072,3.250,1.849
Nikon D700,Nikon/D700/_GDN0443.NEF,NIKON D700,100,2.727,5.058,3.606
Nikon D7000,Nikon/D7000/Compressed 12-bit D7000 NIK_3876.NEF,NIKON D7000,100,2.333,3.360,2.962
Nikon D7100,Nikon/D7100/JCR_4305.NEF,NIKON D7100,200,2.748,3.916,3.130
Nikon D7200,Nikon/D7200/DSC_0977.NEF,NIKON D7200,1600,2.268,3.205,2.538
Nikon D750,Nikon/D750/compressed_12_bit.NEF,NIKON D750,100,nan,nan,nan
Nikon D750,Nikon/D750/compressed_14_bit.NEF,NIKON D750,100,2.259,3.030,2.627
Nikon D7500,Nikon/D7500/RAW_NIKON_D7500_12BIT_COMPRESSED.NEF,NIKON D7500,100,2.614,3.175,2.067
Nikon D780,Nikon/D780/DSC_0334.NEF,NIKON D780,100,nan,nan,nan
Nikon D780,Nikon/D780/DSC_0336.NEF,NIKON D780,100,nan,nan,nan
Nikon D780,Nikon/D780/DSC_0338.NEF,NIKON D780,100,7.183,12.808,6.874
Nikon D80,Nikon/D80/DSC_0143.dng,NIKON D80,400,2.719,3.290,3.050
Nikon D800,Nikon/D800/D800-12b-comp.NEF,NIKON D800,50,3.157,4.285,2.847
Nikon D800E,Nikon/D800E/NikonD800EDyLght0EV.NEF,NIKON D800E,100,2.983,3.697,nan
Nikon D810,Nikon/D810/DSC_1882.NEF,NIKON D810,100,2.940,3.774,3.153
Nikon D850,Nikon/D850/Nikon-D850-12bit-compressed.NEF,NIKON D850,64,1.689,2.259,2.478
Nikon D90,Nikon/D90/00001.NEF,NIKON D90,250,2.445,3.152,2.641
Nikon Z 5,Nikon/Z 5/DSC_0517.NEF,NIKON Z 5,400,2.456,3.229,2.646
Nikon Z 50,Nikon/Z 50/DSC_0441.NEF,NIKON Z 50,250,2.658,6.692,4.542
Nikon Z 6,Nikon/Z 6/DSC_0750.NEF,NIKON Z 6,100,2.258,2.839,2.485
Nikon Z 6_2,Nikon/Z 6_2/CZP_0299.NEF,NIKON Z 6_2,100,13.607,27.740,14.171
Nikon Z 7,Nikon/Z 7/1-Nikon-Z7-RAW-14bit-uncompressed-L.NEF,NIKON Z 7,64,2.486,2.967,2.521
Nikon Z 7_2,Nikon/Z 7_2/Z72_0027.NEF,NIKON Z 7_2,100,3.345,4.778,3.242
Nikon Z 8,Nikon/Z 8/Nikon_Z8_raw_14_bit_lossless_compression.NEF,NIKON Z 8,64,5.872,11.639,5.460
Nikon Z 9,Nikon/Z 9/Nikon_-_NIKON_Z_9_-_14bit_compressed_(Lossless).NEF,NIKON Z 9,64,2.987,5.085,3.610
Nikon Z f,Nikon/Z f/DSC_0040.NEF,NIKON Z f,160,3.844,5.336,3.968
OM System OM-1,OM System/OM-1/OM_Systems_OM1_RAW_Image_20mpx_P1010025.ORF,OM-1,200,4.333,10.792,4.026
OM System OM-1 Mark II,OM System/OM-1 Mark II/20mp-12bit.orf,OM-1MarkII,200,4.755,10.125,5.011
OM System OM-5,OM System/OM-5/C1291096.ORF,OM-5,200,3.293,6.094,3.176
Olympus E-1,Olympus/E-1/E_1__C106743_gredos.ORF,E-1,100,2.645,8.872,7.205
Olympus E-3,Olympus/E-3/E_3__3099164_casco_antiguo_petrer.ORF,E-3,100,2.182,2.619,1.795
Olympus E-30,Olympus/E-30/RAW_OLYMPUS_E30.ORF,E-30,200,2.668,3.212,2.078
Olympus E-400,Olympus/E-400/_A270187.ORF,E-400,200,2.345,3.988,2.972
Olympus E-420,Olympus/E-420/P4232993.ORF,E-420,100,2.898,4.627,3.260
Olympus E-500,Olympus/E-500/_1010010.ORF,E-500,400,2.453,4.163,3.413
Olympus E-510,Olympus/E-510/Olympus_E510-4.ORF,E-510,400,3.136,4.009,3.000
Olympus E-520,Olympus/E-520/RAW_OLYMPUS_E520.ORF,E-520,400,1.714,2.974,2.374
Olympus E-600,Olympus/E-600/RAW_OLYMPUS_E600.ORF,E-600,100,2.326,4.001,3.318
Olympus E-620,Olympus/E-620/_1100778.orf,E-620,200,3.112,3.540,2.683
Olympus E-M1,Olympus/E-M1/sc000877.orf,E-M1,200,2.647,4.022,2.778
Olympus E-M10,Olympus/E-M10/P3180165.ORF,E-M10,200,2.556,3.703,2.677
Olympus E-M10 Mark II,Olympus/E-M10 Mark II/2022-04-15T17_31_58[P4150904].ORF,E-M10MarkII,200,3.009,3.468,1.691
Olympus E-M10 Mark III,Olympus/E-M10 Mark III/PA080192.ORF,E-M10 Mark III,100,9.749,23.138,11.288
Olympus E-M10 Mark IV,Olympus/E-M10 Mark IV/PA040002.ORF,E-M10MarkIV,100,2.520,3.322,2.010
Olympus E-M1MarkII,Olympus/E-M1MarkII/Olympus_EM1mk2_Standard_20MP.ORF,E-M1MarkII,400,1.951,2.843,nan
Olympus E-M1MarkIII,Olympus/E-M1MarkIII/_3160529.ORF,E-M1MarkIII,200,1.250,1.686,1.028
Olympus E-M5,Olympus/E-M5/P2082705.ORF,E-M5,200,3.891,4.464,3.524
Olympus E-M5 Mark II,Olympus/E-M5 Mark II/CB252215.ORF,E-M5MarkII,200,2.777,1.850,nan
Olympus E-M5 Mark III,Olympus/E-M5 Mark III/PB240241.ORF,E-M5MarkIII,200,2.645,1.841,2.592
Olympus E-P2,Olympus/E-P2/P9084305.ORF,E-P2,800,2.508,3.230,2.565
Olympus E-P3,Olympus/E-P3/RAW_OLYMPUS_EP3.ORF,E-P3,200,2.497,3.336,1.957
Olympus E-P5,Olympus/E-P5/OLYMPUS_PEN_E-P5_ISO200_IT8COLOR.ORF,E-P5,200,2.655,3.291,1.688
Olympus E-P7,Olympus/E-P7/P8162689.ORF,E-P7,200,2.608,4.157,2.567
Olympus E-PL1,Olympus/E-PL1/PB120976.ORF,E-PL1,1600,5.027,5.034,5.229
Olympus E-PL2,Olympus/E-PL2/P9031909.ORF,E-PL2,200,2.873,3.197,2.553
Olympus E-PL3,Olympus/E-PL3/RAW_OLYMPUS_EPL2.ORF,E-PL3,200,3.097,6.448,4.272
Olympus E-PL5,Olympus/E-PL5/P9230087.ORF,E-PL5,320,1.263,2.397,1.532
Olympus E-PL6,Olympus/E-PL6/e7169440.orf,E-PL6,200,1.180,2.276,1.264
Olympus E-PL7,Olympus/E-PL7/fb240007.orf,E-PL7,200,1.901,3.508,2.087
Olympus E-PL8,Olympus/E-PL8/P9110021.ORF,E-PL8,200,2.664,3.032,2.035
Olympus E-PL9,Olympus/E-PL9/EB000005.ORF,E-PL9,200,2.382,3.298,2.132
Olympus E-PM1,Olympus/E-PM1/P2083783.ORF,E-PM1,200,2.453,3.367,2.654
Olympus E-PM2,Olympus/E-PM2/P1010001.ORF,E-PM2,200,6.063,10.644,nan
Olympus PEN-F,Olympus/PEN-F/PenFHiRes.orf,PEN-F,200,2.198,2.211,1.149
Olympus TG-4,Olympus/TG-4/P1170373.ORF,TG-4,100,1.724,2.578,2.010
Olympus TG-5,Olympus/TG-5/P9100007.ORF,TG-5,100,2.702,4.139,2.567
Olympus TG-6,Olympus/TG-6/_6100003.ORF,TG-6,100,2.851,3.232,2.838
Olympus XZ-1,Olympus/XZ-1/p1319978.orf,XZ-1,100,2.447,2.827,nan
Olympus XZ-2,Olympus/XZ-2/p7166537.orf,XZ-2,100,2.226,3.454,2.375
Panasonic DC-FZ10002,Panasonic/DC-FZ10002/P1015595.RW2,DC-FZ10002,320,2.025,3.461,2.385
Panasonic DC-G9,Panasonic/DC-G9/P1000475.RW2,DC-G9,200,1.182,2.369,1.678
Panasonic DC-G95,Panasonic/DC-G95/_1000563.RW2,DC-G95,200,2.110,3.612,2.261
Panasonic DC-G9M2,Panasonic/DC-G9M2/P1000019.RW2,DC-G9M2,100,2.184,4.213,2.969
Panasonic DC-GH5,Panasonic/DC-GH5/_T012010.RW2,DC-GH5,400,2.334,4.530,3.069
Panasonic DC-GX9,Panasonic/DC-GX9/gx9_16_9.RW2,DC-GX9,200,1.957,3.086,2.265
Panasonic DC-LX100M2,Panasonic/DC-LX100M2/P1020077.RW2,DC-LX100M2,200,2.375,3.912,2.573
Panasonic DC-S1R,Panasonic/DC-S1R/P1000077.RW2,DC-S1R,100,2.266,3.990,2.481
Panasonic DC-S5,Panasonic/DC-S5/P1047510.RW2,DC-S5,100,2.047,3.407,1.728
Panasonic DC-TZ90,Panasonic/DC-TZ90/P1010053.RW2,DC-TZ90,125,2.708,4.308,2.898
Panasonic DC-TZ96,Panasonic/DC-TZ96/TZ96-16:9.RW2,DC-TZ96,80,2.086,3.170,2.416
Panasonic DMC-FZ1000,Panasonic/DMC-FZ1000/Panasonic_FZ1000_16_9.RW2,DMC-FZ1000,640,2.606,3.360,2.469
Panasonic DMC-FZ18,Panasonic/DMC-FZ18/RAW_PANASONIC_LUMIX_FZ18.RAW,DMC-FZ18,100,2.155,3.081,1.925
Panasonic DMC-FZ200,Panasonic/DMC-FZ200/P1040142.RW2,DMC-FZ200,100,2.184,3.152,2.180
Panasonic DMC-FZ300,Panasonic/DMC-FZ300/RAW_PANASONIC_FZ300_1-1.RW2,DMC-FZ300,100,3.001,3.947,1.736
Panasonic DMC-FZ330,Panasonic/DMC-FZ330/_1350161.RW2,DMC-FZ330,100,3.195,4.362,1.858
Panasonic DMC-FZ35,Panasonic/DMC-FZ35/Panasonic_-_DMC-FZ35_-_16:9.RW2,DMC-FZ35,80,2.278,2.985,2.193
Panasonic DMC-G10,Panasonic/DMC-G10/P1030392.RW2,DMC-G10,200,5.548,nan,2.922
Panasonic DMC-G2,Panasonic/DMC-G2/LumixG216x9.RW2,DMC-G2,100,2.253,4.317,nan
Panasonic DMC-G3,Panasonic/DMC-G3/P1350398.RW2,DMC-G3,640,nan,3.620,2.605
Panasonic DMC-G5,Panasonic/DMC-G5/P1020264.RW2,DMC-G5,160,3.030,3.330,nan
Panasonic DMC-G6,Panasonic/DMC-G6/Panasonic_DMC_G6_16x9.RW2,DMC-G6,160,2.117,3.199,2.184
Panasonic DMC-G7,Panasonic/DMC-G7/171122_193305.RW2,DMC-G7,200,2.684,3.359,2.955
Panasonic DMC-GF1,Panasonic/DMC-GF1/panasonic_1-1.RW2,DMC-GF1,100,2.338,3.073,2.327
Panasonic DMC-GF3,Panasonic/DMC-GF3/RAW_PANASONIC_GF3_1-1.RW2,DMC-GF3,160,2.133,3.071,2.510
Panasonic DMC-GF6,Panasonic/DMC-GF6/P1060736_4x3.RW2,DMC-GF6,160,1.955,3.189,2.536
Panasonic DMC-GF7,Panasonic/DMC-GF7/P1040726.RW2,DMC-GF7,200,3.788,8.682,5.044
Panasonic DMC-GH2,Panasonic/DMC-GH2/_1040800.RW2,DMC-GH2,160,1.678,3.573,2.726
Panasonic DMC-GH3,Panasonic/DMC-GH3/P1090819.RW2,DMC-GH3,400,1.903,3.065,2.189
Panasonic DMC-GH4,Panasonic/DMC-GH4/P1010607.RW2,DMC-GH4,400,2.349,3.126,1.639
Panasonic DMC-GM1,Panasonic/DMC-GM1/P1360674.RW2,DMC-GM1,200,2.975,6.432,4.273
Panasonic DMC-GM5,Panasonic/DMC-GM5/P1080762.RW2,DMC-GM5,400,1.782,3.190,2.488
Panasonic DMC-GX1,Panasonic/DMC-GX1/_1160044.RW2,DMC-GX1,320,2.083,3.308,1.964
Panasonic DMC-GX7,Panasonic/DMC-GX7/RAW_PANASONIC_DMC-GX-7_11.RW2,DMC-GX7,125,2.291,4.938,3.103
Panasonic DMC-GX8,Panasonic/DMC-GX8/P1020809.RW2,DMC-GX8,200,2.116,3.017,1.956
Panasonic DMC-GX85,Panasonic/DMC-GX85/Panasonic_-_DMC-GX85_-_16:9.RW2,DMC-GX85,200,7.673,15.257,7.110
Panasonic DMC-LF1,Panasonic/DMC-LF1/RAW_PANASONIC_DMC_LF1.RW2,DMC-LF1,80,2.164,4.103,2.810
Panasonic DMC-LX100,Panasonic/DMC-LX100/Lumix_DMC-LX100_1.RW2,DMC-LX100,500,3.353,4.906,2.382
Panasonic DMC-LX15,Panasonic/DMC-LX15/P1000926_3_by_2.RW2,DMC-LX15,125,2.280,3.619,2.341
Panasonic DMC-LX5,Panasonic/DMC-LX5/LX5-16_9.rw2,DMC-LX5,80,2.343,3.338,2.268
Panasonic DMC-LX7,Panasonic/DMC-LX7/1-1.RW2,DMC-LX7,100,3.137,5.806,1.973
Panasonic DMC-TZ100,Panasonic/DMC-TZ100/PanasonicTZ100_AR1-1_1000360.rw2,DMC-TZ100,800,1.893,3.099,2.262
Panasonic DMC-TZ71,Panasonic/DMC-TZ71/RAW_PANASONIC_DMC_TZ71_1-1.RW2,DMC-TZ71,80,2.794,3.471,1.767
Pentax *ist DL,Pentax/ist DL/IMGP0370.PEF,PENTAX *ist DL,200,3.883,2.831,2.677
Pentax *ist DS,Pentax/ist DS/IMGP2333.pef,PENTAX *ist DS,200,3.283,4.298,3.567
Pentax K-1,Pentax/K-1/IMGP8550.PEF,PENTAX K-1,160,1.868,3.169,2.464
Pentax K-1 Mark II,Pentax/K-1 Mark II/_IMG2387.DNG,PENTAX K-1 Mark II,125,2.748,3.470,2.071
Pentax K-3,Pentax/K-3/IMGP6916.DNG,PENTAX K-3,100,2.023,3.666,2.782
Pentax K-3 II,Pentax/K-3 II/20170430-121325.dng,PENTAX K-3 II,100,2.494,4.069,2.963
Pentax K-3 Mark III,Pentax/K-3 Mark III/IMGP9854.PEF,PENTAX K-3 Mark III,800,1.286,5.294,2.143
Pentax K-5,Pentax/K-5/_MAR0543.DNG,PENTAX K-5,160,4.061,3.903,4.470
Pentax K-5 II,Pentax/K-5 II/IMGP2032.DNG,PENTAX K-5 II,500,2.248,3.722,3.626
Pentax K-5 II s,Pentax/K-5 II s/_JAK3776.DNG,PENTAX K-5 II s,400,2.507,4.588,2.183
Pentax K-7,Pentax/K-7/IMGP6297.DNG,PENTAX K-7,3200,2.931,3.611,nan
Pentax K-70,Pentax/K-70/IMGP0771.DNG,PENTAX K-70,100,2.172,3.414,2.178
Pentax K-S1,Pentax/K-S1/20210215_0110.PEF,PENTAX K-S1,100,2.747,3.488,2.102
Pentax K-S2,Pentax/K-S2/IMGP3368.DNG,PENTAX K-S2,1600,1.775,2.344,1.379
Pentax K-m,Pentax/K-m/RAW_PENTAX_K-m.PEF,PENTAX K-m,200,2.538,3.123,2.997
Pentax K-r,PENTAX/PENTAX K-r/IMGP4424.PEF,PENTAX K-r,400,2.952,5.085,3.113
Pentax K-x,Pentax/K-x/IMGP6431.DNG,PENTAX K-x,2000,1.840,2.439,2.383
Pentax K100D,Pentax/K100D/IMGP1754.PEF,PENTAX K100D,200,3.695,3.305,8.282
Pentax K100D Super,Pentax/K100D Super/IMGP8038.PEF,PENTAX K100D Super,200,4.321,3.203,3.728
Pentax K10D,Pentax/K10D/IMGP5398.DNG,PENTAX K10D,100,2.039,3.064,3.161
Pentax K110D,Pentax/K110D/2009.08.15-imgp3224.pef,PENTAX K110D,200,11.513,6.399,5.659
Pentax K200D,Pentax/K200D/IMGP2292.DNG,PENTAX K200D,100,2.586,3.862,2.431
Pentax K20D,Pentax/K20D/IMGP3335.PEF,PENTAX K20D,200,2.385,3.113,2.454
Pentax KP,Pentax/KP/IMGP0236.DNG,PENTAX KP,400,1.263,2.545,1.611
Samsung NX1,Samsung/NX1/2016-07-23-142101_sam_9364.srw,NX1,400,1.996,2.750,2.166
Samsung NX10,Samsung/NX10/SAM_3630.SRW,NX10,100,2.619,3.286,3.100
Samsung NX100,Samsung/NX100/RAW_SAMSUNG_NX100.SRW,NX100,100,2.786,3.935,2.769
Samsung NX1000,Samsung/NX1000/_5169011.SRW,NX1000,400,2.694,4.222,2.795
Samsung WB2000,Samsung/WB2000/SAM_4727.SRW,WB2000,80,2.754,3.449,2.168
Sony DSC-RX1,Sony/DSC-RX1/_DSC0812.ARW,DSC-RX1,100,0.896,1.462,1.067
Sony DSC-RX10,Sony/DSC-RX10/DSC01951.ARW,DSC-RX10,320,2.061,3.498,2.475
Sony DSC-RX100,Sony/DSC-RX100/DSC00838.ARW,DSC-RX100,125,2.723,4.897,3.591
Sony DSC-RX100M2,Sony/DSC-RX100M2/Sony_RX100M2.ARW,DSC-RX100M2,100,2.009,3.295,1.751
Sony DSC-RX100M3,Sony/DSC-RX100M3/DSC00734.ARW,DSC-RX100M3,125,1.830,3.063,2.114
Sony DSC-RX100M4,Sony/DSC-RX100M4/DSC00591.ARW,DSC-RX100M4,125,2.052,4.395,2.252
Sony DSC-RX100M5,Sony/DSC-RX100M5/RAW_SONY_RX100M5.ARW,DSC-RX100M5,125,2.008,3.334,2.319
Sony DSC-RX100M5A,Sony/DSC-RX100M5A/20181014_0082.ARW,DSC-RX100M5A,125,2.024,3.327,2.261
Sony DSC-RX100M6,Sony/DSC-RX100M6/sony_rx100m6_arw-compressed_16:9.arw,DSC-RX100M6,125,1.939,3.263,2.073
Sony DSC-RX100M7,Sony/DSC-RX100M7/DSC00601.ARW,DSC-RX100M7,100,2.081,3.530,2.414
Sony DSC-RX10M2,Sony/DSC-RX10M2/RAW_SONY_RX10M2.ARW,DSC-RX10M2,1250,2.372,3.033,1.587
Sony DSC-RX10M3,Sony/DSC-RX10M3/RAW_SONY_RX10M3.ARW,DSC-RX10M3,100,1.927,4.033,2.994
Sony DSC-RX10M4,Sony/DSC-RX10M4/DSC02484.ARW,DSC-RX10M4,100,4.946,11.677,4.732
Sony DSLR-A200,Sony/DSLR-A200/DSC00108.ARW,DSLR-A200,800,2.587,3.029,nan
Sony DSLR-A230,Sony/DSLR-A230/DSC08026.ARW,DSLR-A230,200,2.729,3.842,6.432
Sony DSLR-A350,Sony/DSLR-A350/DSC05472.ARW,DSLR-A350,200,3.137,3.831,2.011
Sony DSLR-A550,Sony/DSLR-A550/RAW_SONY_A550.ARW,DSLR-A550,3200,2.318,2.875,2.738
Sony DSLR-A580,Sony/DSLR-A580/RAW_SONY_A580.ARW,DSLR-A580,200,1.873,3.196,2.273
Sony DSLR-A700,Sony/DSLR-A700/DSC07249.ARW,DSLR-A700,200,2.526,3.634,3.585
Sony ILCA-68,Sony/ILCA-68/DSC00018.ARW,ILCA-68,250,2.464,3.120,1.766
Sony ILCA-77M2,Sony/ILCA-77M2/_DSC0244.ARW,ILCA-77M2,100,2.321,3.124,1.341
Sony ILCE-1,Sony/ILCE-1/A1_full_compressed.ARW,ILCE-1,500,1.992,3.370,2.286
Sony ILCE-5000,Sony/ILCE-5000/_DSC0793.ARW,ILCE-5000,100,1.729,3.176,2.607
Sony ILCE-5100,Sony/ILCE-5100/DSC04601.ARW,ILCE-5100,100,1.785,2.929,1.894
Sony ILCE-6000,Sony/ILCE-6000/DSC01542.ARW,ILCE-6000,100,2.354,4.910,3.242
Sony ILCE-6100,Sony/ILCE-6100/DSC00033.ARW,ILCE-6100,100,1.943,3.871,2.579
Sony ILCE-6300,Sony/ILCE-6300/AST05226.ARW,ILCE-6300,100,2.729,3.986,2.003
Sony ILCE-6400,Sony/ILCE-6400/DSC00087.ARW,ILCE-6400,250,1.960,3.343,2.245
Sony ILCE-6500,Sony/ILCE-6500/_DSC6914.ARW,ILCE-6500,100,2.364,3.818,2.693
Sony ILCE-6600,Sony/ILCE-6600/_DSC0268.ARW,ILCE-6600,100,1.854,3.497,2.420
Sony ILCE-6700,Sony/ILCE-6700/DSC00001.ARW,ILCE-6700,100,2.169,8.626,11.083
Sony ILCE-7,Sony/ILCE-7/Sony_-_ILCE-7_-_14bit_uncompressed_(32).arw,ILCE-7,200,1.924,3.157,2.229
Sony ILCE-7C,Sony/ILCE-7C/DSC00018.ARW,ILCE-7C,2000,1.841,3.107,2.150
Sony ILCE-7CM2,Sony/ILCE-7CM2/DSC02429.ARW,ILCE-7CM2,100,4.078,9.106,5.458
Sony ILCE-7M2,Sony/ILCE-7M2/SONY ILCE-7M2 daylight.arw,ILCE-7M2,100,1.511,2.724,2.187
Sony ILCE-7M3,Sony/ILCE-7M3/UNCOMPRESSED_14bit.ARW,ILCE-7M3,400,4.582,10.522,7.125
Sony ILCE-7M4,Sony/ILCE-7M4/ILCE-7M4_DSC06673_FullFrame-Raw-Uncompressed.ARW,ILCE-7M4,250,3.673,7.759,4.142
Sony ILCE-7R,Sony/ILCE-7R/DSC06741.ARW,ILCE-7R,50,2.138,3.947,2.521
Sony ILCE-7RM2,Sony/ILCE-7RM2/12-bit-compressed.ARW,ILCE-7RM2,100,1.887,3.170,2.114
Sony ILCE-7RM3,Sony/ILCE-7RM3/DSC03791.ARW,ILCE-7RM3,100,1.927,3.077,2.307
Sony ILCE-7RM4,Sony/ILCE-7RM4/DSC00395.ARW,ILCE-7RM4,50,1.594,3.642,1.996
Sony ILCE-7RM5,Sony/ILCE-7RM5/7RM5-LosslessCompressedLarge.ARW,ILCE-7RM5,100,2.986,6.057,3.821
Sony ILCE-7S,Sony/ILCE-7S/DSC04125.ARW,ILCE-7S,400,2.570,4.265,3.201
Sony ILCE-7SM3,Sony/ILCE-7SM3/DSC01568.ARW,ILCE-7SM3,80,2.373,4.128,2.831
Sony ILCE-9,Sony/ILCE-9/Sony_-_ILCE-9_-_compressed.ARW,ILCE-9,100,1.119,2.450,1.847
Sony ILCE-9M2,Sony/ILCE-9M2/SONY_A9II_(ILCE-9M2)_-_compressed_(3:2)_12bit.ARW,ILCE-9M2,640,2.203,3.617,2.622
Sony ILCE-9M3,Sony/ILCE-9M3/DSC00110.ARW,ILCE-9M3,1000,2.744,4.997,3.492
Sony NEX-3,Sony/NEX-3/RAW_SONY_NEX3.ARW,NEX-3,1600,2.262,4.576,4.394
Sony NEX-5,Sony/NEX-5/20150924T092802_Château_Schönbrunn_AT.ARW,NEX-5,200,2.247,3.538,2.514
Sony NEX-5N,Sony/NEX-5N/DSC02519.ARW,NEX-5N,100,2.317,4.064,3.263
Sony NEX-5R,Sony/NEX-5R/RAW_SONY_NEX-5R.ARW,NEX-5R,1600,1.905,3.318,2.467
Sony NEX-5T,Sony/NEX-5T/DSC01723.ARW,NEX-5T,100,3.929,7.705,3.778
Sony NEX-6,Sony/NEX-6/DSC07133.ARW,NEX-6,200,3.501,3.237,3.538
Sony NEX-7,Sony/NEX-7/RAW_SONY_NEX7.ARW,NEX-7,100,2.072,3.918,2.725
Sony NEX-C3,Sony/NEX-C3/DSC01977.ARW,NEX-C3,200,1.910,3.418,2.453
Sony SLT-A35,Sony/SLT-A35/DSC01566.ARW,SLT-A35,400,1.973,3.524,2.396
Sony SLT-A37,Sony/SLT-A37/DSC06850.ARW,SLT-A37,800,2.140,3.352,2.408
Sony SLT-A57,Sony/SLT-A57/a57-06125.arw,SLT-A57,100,1.706,3.095,2.487
Sony SLT-A58,Sony/SLT-A58/DSC01523.ARW,SLT-A58,100,2.614,4.124,3.706
Sony ZV-1,Sony/ZV-1/DSC00056.ARW,ZV-1,125,2.764,6.617,3.432
Sony ZV-E10,Sony/ZV-E10/DSC00002.ARW,ZV-E10,400,2.176,4.239,2.599
